{
  "step_id": 11,
  "has_scene_flows": true,
  "has_scene_visibility": true,
  "has_scene_depth_valid_mask": true,
  "has_task_n_obs": true,
  "has_task_n_infl": true,
  "has_runtime_policy": true,
  "scene_flows_shape": [
    11,
    4096,
    3
  ],
  "scene_visibility_shape": [
    11,
    4096
  ],
  "scene_depth_valid_mask_shape": [
    11,
    4096
  ],
  "task_n_obs": 1130,
  "task_n_infl": 1552,
  "task_selector_reason": "",
  "runtime_policy": {
    "seed_robot_mask_enabled": true,
    "gripper_pose_enabled": true,
    "task_use_visibility": true,
    "task_use_depth_valid": true,
    "task_ablation_mode": "obs_infl",
    "cooldown_active": false
  },
  "pw_cost_debug": {
    "enabled": true,
    "reason": "ok",
    "ms": 4872.325534000993,
    "timing": {
      "mode": "single",
      "devices": [
        "cuda:0"
      ],
      "replicas": [
        {
          "device": "cuda:0",
          "B": 256,
          "chunk_size": 32,
          "chunks": 8,
          "t_scene_to_torch_ms": 0.522916205227375,
          "t_scene_features_ms": 12.164401821792126,
          "t_dist2robot_ms": 10.919556021690369,
          "t_model_ms": 4698.852245695889,
          "t_reduce_ms": 7.67914392054081,
          "t_total_ms": 4729.901131242514,
          "t_prepare_batch_ms": 140.9705327823758,
          "t_total_with_prepare_ms": 4870.8716640248895
        }
      ]
    }
  },
  "timing_breakdown": {
    "request_id": "8829270b-7da2-4e31-85c5-af89fa5f6dc1",
    "step_id": 11,
    "t_decode_ms": 0.13370905071496964,
    "t_cameras_ms": 10.834962129592896,
    "t_pw_build_ms": 1641.2364030256867,
    "pw_build_breakdown": {
      "t_window_push_ms": 0.019427388906478882,
      "t_scene_build_ms": 1624.6208539232612,
      "scene_build_breakdown": {
        "ms_total": 1624.568629078567,
        "cams": {
          "back": {
            "ms_total": 808.4930963814259,
            "ms_frames": 0.013352371752262115,
            "ms_valid0": 0.06630830466747284,
            "ms_workspace0": 10.152822360396385,
            "ms_robot_mask0": 16.13438129425049,
            "ms_project_mask0": 6.528089754283428,
            "ms_rasterize_mask0": 4.3028490617871284,
            "ms_morph_mask0": 5.223189480602741,
            "ms_query": 0.006580725312232971,
            "ms_sample_rgb0": 0.16479287296533585,
            "ms_track": 766.077296808362,
            "ms_lift": 3.8356781005859375,
            "ms_lift3d": 1.856524497270584,
            "ms_transform": 0.5304068326950073,
            "ms_ws_filter": 0.8178818970918655,
            "ms_robot_filter": 0.0,
            "ms_ee_filter": 0.0,
            "ms_ok": 0.08357875049114227,
            "ms_pack": 0.4202313721179962,
            "ms_stability": 0.141986645758152,
            "ms_shift_valid": 0.0593084841966629,
            "ms_shift_workspace": 10.270586237311363,
            "ms_shift_robot_mask": 0.053433701395988464,
            "ms_project_mask_shift": 0.0,
            "ms_rasterize_mask_shift": 0.0,
            "ms_morph_mask_shift": 0.0,
            "shift_mask_cache_hit": 1,
            "shift_mask_cache_miss": 0,
            "ms_advance": 0.9726798161864281,
            "n_query": 2048,
            "hw": [
              180,
              320
            ]
          },
          "side": {
            "ms_total": 810.7656817883253,
            "ms_frames": 0.01974683254957199,
            "ms_valid0": 0.06790272891521454,
            "ms_workspace0": 11.058960109949112,
            "ms_robot_mask0": 15.884107910096645,
            "ms_project_mask0": 6.209640763700008,
            "ms_rasterize_mask0": 4.521300084888935,
            "ms_morph_mask0": 5.06588164716959,
            "ms_query": 0.006641261279582977,
            "ms_sample_rgb0": 0.16817450523376465,
            "ms_track": 767.0190557837486,
            "ms_lift": 3.756735473871231,
            "ms_lift3d": 1.8164468929171562,
            "ms_transform": 0.5423100665211678,
            "ms_ws_filter": 0.786476768553257,
            "ms_robot_filter": 0.0,
            "ms_ee_filter": 0.0,
            "ms_ok": 0.08303113281726837,
            "ms_pack": 0.40977075695991516,
            "ms_stability": 0.14025438576936722,
            "ms_shift_valid": 0.058175064623355865,
            "ms_shift_workspace": 11.03401742875576,
            "ms_shift_robot_mask": 0.05515012890100479,
            "ms_project_mask_shift": 0.0,
            "ms_rasterize_mask_shift": 0.0,
            "ms_morph_mask_shift": 0.0,
            "shift_mask_cache_hit": 1,
            "shift_mask_cache_miss": 0,
            "ms_advance": 0.9420877322554588,
            "n_query": 2048,
            "hw": [
              180,
              320
            ]
          }
        }
      },
      "t_build_batch_ms": 0.025202520191669464,
      "t_gripper_pose_fk_ms": 15.424770303070545,
      "t_task_selector_ms": 0.9557539597153664
    },
    "pcd_points": 107404,
    "t_pcd_ms": 9.699166752398014,
    "t_solver_ms": 4874.055914580822,
    "pw_ms": 4872.325534000993
  }
}