{
  "step_id": 10,
  "has_scene_flows": true,
  "has_scene_visibility": true,
  "has_scene_depth_valid_mask": true,
  "has_task_n_obs": true,
  "has_task_n_infl": true,
  "has_runtime_policy": true,
  "scene_flows_shape": [
    11,
    4096,
    3
  ],
  "scene_visibility_shape": [
    11,
    4096
  ],
  "scene_depth_valid_mask_shape": [
    11,
    4096
  ],
  "task_n_obs": 656,
  "task_n_infl": 909,
  "task_selector_reason": "",
  "runtime_policy": {
    "seed_robot_mask_enabled": true,
    "gripper_pose_enabled": true,
    "task_use_visibility": true,
    "task_use_depth_valid": true,
    "task_ablation_mode": "obs_infl",
    "cooldown_active": false
  },
  "pw_cost_debug": {
    "enabled": true,
    "reason": "ok",
    "ms": 4476.013168692589,
    "timing": {
      "mode": "single",
      "devices": [
        "cuda:0"
      ],
      "replicas": [
        {
          "device": "cuda:0",
          "B": 256,
          "chunk_size": 32,
          "chunks": 8,
          "t_scene_to_torch_ms": 0.5344962701201439,
          "t_scene_features_ms": 12.425461784005165,
          "t_dist2robot_ms": 11.12738810479641,
          "t_model_ms": 4301.382965408266,
          "t_reduce_ms": 7.960185408592224,
          "t_total_ms": 4333.247225731611,
          "t_prepare_batch_ms": 142.20172725617886,
          "t_total_with_prepare_ms": 4475.44895298779
        }
      ]
    }
  },
  "timing_breakdown": {
    "request_id": "1b557090-6f7f-4d32-a252-b65776a78936",
    "step_id": 10,
    "t_decode_ms": 0.14947447925806046,
    "t_cameras_ms": 15.923765487968922,
    "t_pw_build_ms": 1688.5536769405007,
    "pw_build_breakdown": {
      "t_window_push_ms": 0.015744008123874664,
      "t_scene_build_ms": 1671.818776987493,
      "scene_build_breakdown": {
        "ms_total": 1671.7573264613748,
        "cams": {
          "back": {
            "ms_total": 827.9074188321829,
            "ms_frames": 0.01745019108057022,
            "ms_valid0": 0.074007548391819,
            "ms_workspace0": 10.559533722698689,
            "ms_robot_mask0": 15.922591090202332,
            "ms_project_mask0": 6.731182336807251,
            "ms_rasterize_mask0": 4.350277595221996,
            "ms_morph_mask0": 4.755859263241291,
            "ms_query": 0.98430085927248,
            "ms_sample_rgb0": 0.16840826719999313,
            "ms_track": 768.0470272898674,
            "ms_lift": 3.8942238315939903,
            "ms_lift3d": 1.8817605450749397,
            "ms_transform": 0.5129678174853325,
            "ms_ws_filter": 0.8351998403668404,
            "ms_robot_filter": 0.0,
            "ms_ee_filter": 0.0,
            "ms_ok": 0.08545257151126862,
            "ms_pack": 0.4547080025076866,
            "ms_stability": 0.13837963342666626,
            "ms_shift_valid": 0.060925260186195374,
            "ms_shift_workspace": 10.307199321687222,
            "ms_shift_robot_mask": 16.198525205254555,
            "ms_project_mask_shift": 6.86298031359911,
            "ms_rasterize_mask_shift": 4.4635627418756485,
            "ms_morph_mask_shift": 4.742983728647232,
            "shift_mask_cache_hit": 0,
            "shift_mask_cache_miss": 1,
            "ms_advance": 0.9624017402529716,
            "n_query": 2048,
            "hw": [
              180,
              320
            ]
          },
          "side": {
            "ms_total": 827.3025471717119,
            "ms_frames": 0.019945204257965088,
            "ms_valid0": 0.06023794412612915,
            "ms_workspace0": 11.128369718790054,
            "ms_robot_mask0": 15.560007654130459,
            "ms_project_mask0": 6.224418990314007,
            "ms_rasterize_mask0": 4.546880722045898,
            "ms_morph_mask0": 4.711685702204704,
            "ms_query": 0.8562160655856133,
            "ms_sample_rgb0": 0.17648376524448395,
            "ms_track": 766.6804222390056,
            "ms_lift": 3.844829276204109,
            "ms_lift3d": 1.8101027235388756,
            "ms_transform": 0.544368289411068,
            "ms_ws_filter": 0.8287103846669197,
            "ms_robot_filter": 0.0,
            "ms_ee_filter": 0.0,
            "ms_ok": 0.08522626012563705,
            "ms_pack": 0.44729746878147125,
            "ms_stability": 0.14328956604003906,
            "ms_shift_valid": 0.06987620145082474,
            "ms_shift_workspace": 11.07130479067564,
            "ms_shift_robot_mask": 16.1663880571723,
            "ms_project_mask_shift": 6.367268972098827,
            "ms_rasterize_mask_shift": 4.570475779473782,
            "ms_morph_mask_shift": 5.091958679258823,
            "shift_mask_cache_hit": 0,
            "shift_mask_cache_miss": 1,
            "ms_advance": 0.9433645755052567,
            "n_query": 2048,
            "hw": [
              180,
              320
            ]
          }
        }
      },
      "t_build_batch_ms": 0.0270940363407135,
      "t_gripper_pose_fk_ms": 15.59409499168396,
      "t_task_selector_ms": 0.9044082835316658
    },
    "pcd_points": 106940,
    "t_pcd_ms": 9.630643762648106,
    "t_solver_ms": 4477.6830822229385,
    "pw_ms": 4476.013168692589
  }
}