{
  "step_id": 13,
  "has_scene_flows": true,
  "has_scene_visibility": true,
  "has_scene_depth_valid_mask": true,
  "has_task_n_obs": true,
  "has_task_n_infl": true,
  "has_runtime_policy": true,
  "scene_flows_shape": [
    11,
    4096,
    3
  ],
  "scene_visibility_shape": [
    11,
    4096
  ],
  "scene_depth_valid_mask_shape": [
    11,
    4096
  ],
  "task_n_obs": 1645,
  "task_n_infl": 2298,
  "task_selector_reason": "",
  "runtime_policy": {
    "seed_robot_mask_enabled": true,
    "gripper_pose_enabled": true,
    "task_use_visibility": true,
    "task_use_depth_valid": true,
    "task_ablation_mode": "obs_infl",
    "cooldown_active": false
  },
  "pw_cost_debug": {
    "enabled": true,
    "reason": "ok",
    "ms": 4982.664497569203,
    "timing": {
      "mode": "single",
      "devices": [
        "cuda:0"
      ],
      "replicas": [
        {
          "device": "cuda:0",
          "B": 256,
          "chunk_size": 32,
          "chunks": 8,
          "t_scene_to_torch_ms": 0.5530118942260742,
          "t_scene_features_ms": 12.243359349668026,
          "t_dist2robot_ms": 10.992917232215405,
          "t_model_ms": 4810.4078322649,
          "t_reduce_ms": 7.724907249212265,
          "t_total_ms": 4841.668987646699,
          "t_prepare_batch_ms": 139.6198021247983,
          "t_total_with_prepare_ms": 4981.288789771497
        }
      ]
    }
  },
  "timing_breakdown": {
    "request_id": "38f7648c-c8cb-4758-9651-ecb7cd3d6e89",
    "step_id": 13,
    "t_decode_ms": 0.16349367797374725,
    "t_cameras_ms": 10.941866785287857,
    "t_pw_build_ms": 1638.2635831832886,
    "pw_build_breakdown": {
      "t_window_push_ms": 0.02221670001745224,
      "t_scene_build_ms": 1621.6072579845786,
      "scene_build_breakdown": {
        "ms_total": 1621.5404151007533,
        "cams": {
          "back": {
            "ms_total": 807.7124198898673,
            "ms_frames": 0.015311874449253082,
            "ms_valid0": 0.06961822509765625,
            "ms_workspace0": 9.939583018422127,
            "ms_robot_mask0": 16.26472733914852,
            "ms_project_mask0": 6.499175913631916,
            "ms_rasterize_mask0": 4.292876459658146,
            "ms_morph_mask0": 5.388052202761173,
            "ms_query": 0.006995163857936859,
            "ms_sample_rgb0": 0.164911150932312,
            "ms_track": 765.7003570348024,
            "ms_lift": 3.593037836253643,
            "ms_lift3d": 1.7064809799194336,
            "ms_transform": 0.5357647314667702,
            "ms_ws_filter": 0.7642945274710655,
            "ms_robot_filter": 0.0,
            "ms_ee_filter": 0.0,
            "ms_ok": 0.08770730346441269,
            "ms_pack": 0.3766315057873726,
            "ms_stability": 0.139518640935421,
            "ms_shift_valid": 0.06874743849039078,
            "ms_shift_workspace": 10.26883628219366,
            "ms_shift_robot_mask": 0.05032587796449661,
            "ms_project_mask_shift": 0.0,
            "ms_rasterize_mask_shift": 0.0,
            "ms_morph_mask_shift": 0.0,
            "shift_mask_cache_hit": 1,
            "shift_mask_cache_miss": 0,
            "ms_advance": 0.9460868313908577,
            "n_query": 2048,
            "hw": [
              180,
              320
            ]
          },
          "side": {
            "ms_total": 808.420023880899,
            "ms_frames": 0.018358230590820312,
            "ms_valid0": 0.06265006959438324,
            "ms_workspace0": 11.011402122676373,
            "ms_robot_mask0": 15.698018483817577,
            "ms_project_mask0": 6.112562492489815,
            "ms_rasterize_mask0": 4.550214856863022,
            "ms_morph_mask0": 4.955863580107689,
            "ms_query": 0.007131136953830719,
            "ms_sample_rgb0": 0.16578100621700287,
            "ms_track": 765.268798917532,
            "ms_lift": 3.594794310629368,
            "ms_lift3d": 1.721818931400776,
            "ms_transform": 0.5200477316975594,
            "ms_ws_filter": 0.7725181058049202,
            "ms_robot_filter": 0.0,
            "ms_ee_filter": 0.0,
            "ms_ok": 0.0842846930027008,
            "ms_pack": 0.3755567595362663,
            "ms_stability": 0.13730209320783615,
            "ms_shift_valid": 0.05263276398181915,
            "ms_shift_workspace": 10.93898806720972,
            "ms_shift_robot_mask": 0.0527137890458107,
            "ms_project_mask_shift": 0.0,
            "ms_rasterize_mask_shift": 0.0,
            "ms_morph_mask_shift": 0.0,
            "shift_mask_cache_hit": 1,
            "shift_mask_cache_miss": 0,
            "ms_advance": 0.9175315499305725,
            "n_query": 2048,
            "hw": [
              180,
              320
            ]
          }
        }
      },
      "t_build_batch_ms": 0.02694409340620041,
      "t_gripper_pose_fk_ms": 15.411804430186749,
      "t_task_selector_ms": 0.9992290288209915
    },
    "pcd_points": 106756,
    "t_pcd_ms": 9.554049000144005,
    "t_solver_ms": 4984.423360787332,
    "pw_ms": 4982.664497569203
  }
}